,year,month,day,min_temp,max_temp,solar_exp
0,2013,6,2,10.4,15.7,8.0
1,2013,6,3,10.7,14.8,5.2
2,2013,6,4,11.1,15.0,3.8
3,2013,6,5,11.9,14.6,4.9
4,2013,6,6,12.6,17.3,6.2
5,2013,6,7,10.9,14.5,6.1
6,2013,6,8,5.0,15.7,8.2
7,2013,6,9,5.3,14.4,8.3
8,2013,6,10,6.5,16.9,7.6
9,2013,6,11,10.2,14.8,3.1
10,2013,6,12,8.7,13.3,2.7
11,2013,6,13,10.8,12.8,2.5
12,2013,6,14,11.3,13.8,5.7
13,2013,6,15,8.2,14.2,4.3
14,2013,6,16,7.0,14.1,6.5
15,2013,6,17,6.0,11.6,2.8
16,2013,6,18,7.9,14.8,6.7
17,2013,6,19,3.7,14.1,8.1
18,2013,6,20,2.4,14.9,8.2
19,2013,6,21,2.9,15.0,8.0
20,2013,6,22,2.4,12.7,8.1
21,2013,6,23,1.3,12.3,8.0
22,2013,6,24,1.8,12.3,6.2
23,2013,6,25,3.5,16.4,7.9
24,2013,6,26,2.8,17.6,8.0
25,2013,6,27,4.6,18.2,6.9
26,2013,6,28,7.0,16.4,7.6
27,2013,6,29,6.6,13.3,4.6
28,2013,6,30,5.2,18.3,7.2
29,2013,7,1,7.9,17.9,3.8
30,2013,7,2,12.3,18.8,8.2
31,2013,7,3,9.5,16.2,8.7
32,2013,7,4,9.6,16.8,3.0
33,2013,7,5,9.0,14.1,6.5
34,2013,7,6,9.8,15.6,5.9
35,2013,7,7,6.5,13.6,5.8
36,2013,7,8,4.3,13.9,8.5
37,2013,7,9,3.0,13.6,9.1
38,2013,7,10,3.0,15.3,9.1
39,2013,7,11,4.0,16.3,7.7
40,2013,7,12,4.9,17.3,8.4
41,2013,7,13,7.9,15.4,2.9
42,2013,7,14,11.0,16.3,2.6
43,2013,7,15,12.3,18.5,6.7
44,2013,7,16,9.8,16.8,6.5
45,2013,7,17,10.0,18.7,6.8
46,2013,7,18,11.0,23.8,5.9
47,2013,7,19,14.3,16.9,7.6
48,2013,7,20,7.8,9.9,3.2
49,2013,7,21,5.5,10.7,9.8
50,2013,7,22,6.2,14.7,7.1
51,2013,7,23,8.3,12.9,5.0
52,2013,7,24,10.3,14.0,5.9
53,2013,7,25,3.8,12.5,8.7
54,2013,7,26,7.1,15.0,8.3
55,2013,7,27,8.8,14.2,8.5
56,2013,7,28,10.7,18.6,4.8
57,2013,7,29,12.0,19.2,10.5
58,2013,7,30,10.1,14.4,11.0
59,2013,7,31,3.3,15.0,11.1
60,2013,8,1,5.7,14.1,10.4
61,2013,8,2,7.6,14.2,5.2
62,2013,8,3,7.1,13.3,4.9
63,2013,8,4,7.7,13.7,7.2
64,2013,8,5,9.6,15.9,4.4
65,2013,8,6,11.2,16.0,9.3
66,2013,8,7,6.7,13.8,6.9
67,2013,8,8,6.5,13.4,12.3
68,2013,8,9,8.0,12.2,2.7
69,2013,8,10,9.1,17.9,11.6
70,2013,8,11,8.3,16.3,11.6
71,2013,8,12,10.9,14.1,9.5
72,2013,8,13,7.9,16.5,12.0
73,2013,8,14,11.2,14.4,4.2
74,2013,8,15,7.5,16.9,11.6
75,2013,8,16,10.0,17.9,13.7
76,2013,8,17,9.1,15.7,9.9
77,2013,8,18,10.0,17.6,9.8
78,2013,8,19,7.3,12.8,10.5
79,2013,8,20,5.5,12.7,12.3
80,2013,8,21,7.2,14.1,9.2
81,2013,8,22,9.5,15.1,9.8
82,2013,8,23,11.3,14.8,4.1
83,2013,8,24,10.6,16.5,7.3
84,2013,8,25,11.4,17.3,7.3
85,2013,8,26,10.5,19.4,12.6
86,2013,8,27,8.7,20.3,13.0
87,2013,8,28,10.9,22.4,11.4
88,2013,8,29,12.4,23.8,7.2
89,2013,8,30,14.7,19.1,7.7
90,2013,8,31,10.4,22.2,16.4
91,2013,9,1,13.7,23.4,15.0
92,2013,9,2,13.0,18.8,15.5
93,2013,9,3,10.3,24.2,14.8
94,2013,9,4,12.6,24.1,11.4
95,2013,9,5,19.6,19.7,2.3
96,2013,9,6,10.9,15.2,4.2
97,2013,9,7,9.8,17.9,10.0
98,2013,9,8,8.9,16.8,16.8
99,2013,9,9,11.6,23.2,9.5
100,2013,9,10,11.7,16.6,12.0
101,2013,9,11,11.0,16.9,12.9
102,2013,9,12,8.2,13.9,13.9
103,2013,9,13,3.6,16.4,13.2
104,2013,9,14,7.9,17.5,14.6
105,2013,9,15,10.1,21.9,17.4
106,2013,9,16,12.8,16.9,3.6
107,2013,9,17,11.4,17.7,13.0
108,2013,9,18,12.7,19.7,8.1
109,2013,9,19,10.4,17.2,9.3
110,2013,9,20,10.3,17.1,12.9
111,2013,9,21,6.5,19.4,15.5
112,2013,9,22,11.8,21.7,17.9
113,2013,9,23,9.6,24.3,14.0
114,2013,9,24,13.4,24.0,12.6
115,2013,9,25,16.3,23.6,17.0
116,2013,9,26,12.1,15.3,13.7
117,2013,9,27,7.0,20.3,20.7
118,2013,9,28,8.3,15.9,17.3
119,2013,9,29,6.4,21.0,20.8
120,2013,9,30,14.8,23.8,4.9
121,2013,10,1,11.3,16.3,11.7
122,2013,10,2,9.9,17.1,8.7
123,2013,10,3,8.4,14.7,15.7
124,2013,10,4,5.8,21.0,22.3
125,2013,10,5,12.7,25.2,13.9
126,2013,10,6,13.2,17.9,11.9
127,2013,10,7,8.9,16.9,21.3
128,2013,10,8,10.6,20.8,22.5
129,2013,10,9,12.3,26.7,19.9
130,2013,10,10,15.4,15.5,2.8
131,2013,10,11,10.2,20.6,20.5
132,2013,10,12,10.7,25.4,24.1
133,2013,10,13,11.1,17.0,10.2
134,2013,10,14,7.7,14.4,12.8
135,2013,10,15,9.5,19.4,18.3
136,2013,10,16,12.5,28.0,16.9
137,2013,10,17,11.0,15.3,20.0
138,2013,10,18,7.2,22.0,25.6
139,2013,10,19,12.4,26.5,26.0
140,2013,10,20,16.4,31.6,11.8
141,2013,10,21,14.5,17.4,3.8
142,2013,10,22,12.2,16.1,3.2
143,2013,10,23,12.9,15.3,6.4
144,2013,10,24,7.2,14.3,17.7
145,2013,10,25,7.9,15.7,8.7
146,2013,10,26,9.7,16.2,11.4
147,2013,10,27,10.2,16.9,18.1
148,2013,10,28,11.3,17.6,9.2
149,2013,10,29,11.8,16.2,19.6
150,2013,10,30,11.8,18.0,15.0
151,2013,10,31,12.0,16.2,20.9
152,2013,11,1,8.5,20.1,27.8
153,2013,11,2,12.2,24.6,26.1
154,2013,11,3,13.4,16.6,21.5
155,2013,11,4,9.9,15.9,25.1
156,2013,11,5,8.4,25.0,29.1
157,2013,11,6,11.1,30.3,29.5
158,2013,11,7,17.7,25.8,11.8
159,2013,11,8,14.4,17.7,3.0
160,2013,11,9,10.3,15.8,21.5
161,2013,11,10,9.3,16.3,20.4
162,2013,11,11,9.7,18.9,17.0
163,2013,11,12,12.6,16.0,4.3
164,2013,11,13,10.3,14.6,3.4
165,2013,11,14,11.1,15.9,11.9
166,2013,11,15,11.5,17.0,21.7
167,2013,11,16,9.4,17.1,18.3
168,2013,11,17,8.5,18.6,30.8
169,2013,11,18,10.3,26.9,29.8
170,2013,11,19,15.0,30.6,26.8
171,2013,11,20,14.1,17.8,9.4
172,2013,11,21,12.1,22.7,16.7
173,2013,11,22,12.9,21.9,18.4
174,2013,11,23,13.1,18.7,19.9
175,2013,11,24,11.7,17.7,18.5
176,2013,11,25,12.9,21.7,30.5
177,2013,11,26,10.1,28.2,27.1
178,2013,11,27,15.0,32.7,24.6
179,2013,11,28,20.9,24.1,2.1
180,2013,11,29,12.0,16.7,17.9
181,2013,11,30,12.1,17.9,29.8
182,2013,12,1,9.9,30.8,28.3
183,2013,12,2,16.4,35.5,30.9
184,2013,12,3,16.3,25.4,14.4
185,2013,12,4,17.1,21.1,2.8
186,2013,12,5,10.6,15.6,12.9
187,2013,12,6,8.2,17.5,27.2
188,2013,12,7,10.7,26.1,33.0
189,2013,12,8,14.6,27.6,5.4
190,2013,12,9,15.8,18.1,2.4
191,2013,12,10,12.8,20.3,23.0
192,2013,12,11,13.2,20.0,21.7
193,2013,12,12,10.6,21.8,30.9
194,2013,12,13,14.2,22.5,13.9
195,2013,12,14,14.3,18.1,25.6
196,2013,12,15,13.7,19.1,27.8
197,2013,12,16,14.6,19.3,26.0
198,2013,12,17,14.0,19.7,22.8
199,2013,12,18,13.8,26.3,28.2
200,2013,12,19,15.6,39.2,28.7
201,2013,12,20,19.2,22.2,29.8
202,2013,12,21,14.9,21.0,5.7
203,2013,12,22,16.0,28.7,2.9
204,2013,12,23,14.3,17.3,9.0
205,2013,12,24,13.3,21.5,32.3
206,2013,12,25,11.7,31.6,29.2
207,2013,12,26,16.2,26.7,20.8
208,2013,12,27,16.4,21.3,28.6
209,2013,12,28,14.0,36.2,30.0
210,2013,12,29,13.7,18.9,33.8
211,2013,12,30,11.7,20.7,34.1
212,2013,12,31,12.3,24.6,33.3
213,2014,1,1,15.5,26.5,2.7
214,2014,1,2,15.0,21.8,25.8
215,2014,1,3,13.3,21.6,28.8
216,2014,1,4,13.4,20.8,13.4
217,2014,1,5,10.3,26.2,25.6
218,2014,1,6,12.4,18.8,24.4
219,2014,1,7,14.0,19.2,22.2
220,2014,1,8,11.7,27.2,32.7
221,2014,1,9,13.4,32.3,27.5
222,2014,1,10,18.7,34.3,27.9
223,2014,1,11,17.3,21.1,20.3
224,2014,1,12,16.5,20.7,24.6
225,2014,1,13,13.5,29.0,32.1
226,2014,1,14,18.2,42.0,30.2
227,2014,1,15,26.6,41.6,25.6
228,2014,1,16,24.7,43.4,25.9
229,2014,1,17,24.4,42.5,28.7
230,2014,1,18,21.3,23.2,16.7
231,2014,1,19,16.0,20.8,25.6
232,2014,1,20,16.6,23.4,23.1
233,2014,1,21,16.7,21.9,23.2
234,2014,1,22,16.0,21.7,31.7
235,2014,1,23,12.1,28.4,30.9
236,2014,1,24,16.9,21.4,11.3
237,2014,1,25,15.1,19.1,29.7
238,2014,1,26,11.8,27.2,31.1
239,2014,1,27,16.8,34.6,30.5
240,2014,1,28,23.0,41.0,28.2
241,2014,1,29,17.9,22.9,26.1
242,2014,1,30,15.0,28.1,27.8
243,2014,1,31,18.4,24.8,27.2
244,2014,2,1,18.1,27.7,27.6
245,2014,2,2,18.1,38.1,29.7
246,2014,2,3,21.8,34.6,7.4
247,2014,2,4,14.2,25.8,27.6
248,2014,2,5,13.1,30.3,29.0
249,2014,2,6,16.2,34.5,27.7
250,2014,2,7,22.4,35.6,25.6
251,2014,2,8,17.9,40.7,27.9
252,2014,2,9,21.6,39.4,27.3
253,2014,2,10,15.3,22.4,28.7
254,2014,2,11,14.2,25.5,28.1
255,2014,2,12,16.2,25.7,21.0
256,2014,2,13,19.0,25.5,8.4
257,2014,2,14,18.9,25.5,10.2
258,2014,2,15,20.3,28.2,14.7
259,2014,2,16,16.7,21.6,20.8
260,2014,2,17,16.1,24.6,24.2
261,2014,2,18,14.5,30.7,26.3
262,2014,2,19,17.2,24.6,11.2
263,2014,2,20,12.7,20.0,16.7
264,2014,2,21,13.2,19.4,17.5
265,2014,2,22,14.1,19.3,9.5
266,2014,2,23,14.0,21.2,26.2
267,2014,2,24,13.4,23.9,24.8
268,2014,2,25,15.0,33.2,14.7
269,2014,2,26,14.9,20.6,16.6
270,2014,2,27,14.0,20.0,21.5
271,2014,2,28,12.3,21.3,25.1
272,2014,3,1,14.5,22.3,16.7
273,2014,3,2,16.8,21.2,19.6
274,2014,3,3,15.3,23.2,23.1
275,2014,3,4,15.7,32.9,20.9
276,2014,3,5,18.6,22.6,3.2
277,2014,3,6,13.0,19.6,23.5
278,2014,3,7,14.1,22.0,11.6
279,2014,3,8,14.8,27.4,21.1
280,2014,3,9,16.4,32.6,22.3
281,2014,3,10,19.7,32.3,13.1
282,2014,3,11,18.4,31.7,5.0
283,2014,3,12,16.1,20.4,20.7
284,2014,3,13,12.1,21.4,21.5
285,2014,3,14,13.5,25.9,21.2
286,2014,3,15,16.6,29.5,10.6
287,2014,3,16,13.5,20.3,9.6
288,2014,3,17,14.4,25.3,7.2
289,2014,3,18,15.2,24.3,13.8
290,2014,3,19,13.6,21.0,20.7
291,2014,3,20,10.5,30.3,20.7
292,2014,3,21,13.3,22.7,11.2
293,2014,3,22,13.4,18.1,11.5
294,2014,3,23,14.0,17.7,8.1
295,2014,3,24,12.0,18.2,6.0
296,2014,3,25,11.5,24.4,16.4
297,2014,3,26,13.9,26.9,12.8
298,2014,3,27,17.0,25.8,6.9
299,2014,3,28,16.9,20.5,11.8
300,2014,3,29,12.3,22.1,16.7
301,2014,3,30,14.3,24.3,16.3
302,2014,3,31,16.3,30.5,16.9
303,2014,4,1,17.9,33.1,15.6
304,2014,4,2,22.2,24.9,4.0
305,2014,4,3,15.6,17.7,3.9
306,2014,4,4,14.2,19.4,7.8
307,2014,4,5,14.8,24.2,12.7
308,2014,4,6,11.8,24.3,14.4
309,2014,4,7,13.4,25.5,10.7
310,2014,4,8,16.6,22.1,3.7
311,2014,4,9,16.8,17.9,3.3
312,2014,4,10,16.7,19.0,3.2
313,2014,4,11,17.2,18.6,4.0
314,2014,4,12,15.1,22.3,9.7
315,2014,4,13,11.7,20.3,14.0
316,2014,4,14,11.7,20.6,12.2
317,2014,4,15,10.0,20.3,12.6
318,2014,4,16,9.9,21.0,12.6
319,2014,4,17,10.9,23.5,14.4
320,2014,4,18,12.7,18.7,6.9
321,2014,4,19,11.8,17.0,9.0
322,2014,4,20,12.5,19.2,8.3
323,2014,4,21,12.3,19.0,10.4
324,2014,4,22,13.5,17.2,2.5
325,2014,4,23,10.9,18.4,11.8
326,2014,4,24,13.3,17.0,12.9
327,2014,4,25,6.3,20.7,13.8
328,2014,4,26,9.6,19.2,3.8
329,2014,4,27,7.5,16.7,12.9
330,2014,4,28,6.5,22.8,9.5
331,2014,4,29,13.9,20.2,2.2
332,2014,4,30,10.4,16.3,9.5
333,2014,5,1,6.2,15.9,9.8
334,2014,5,2,9.6,14.4,5.0
335,2014,5,3,9.8,16.0,8.1
336,2014,5,4,8.6,13.2,7.0
337,2014,5,5,9.8,16.9,4.7
338,2014,5,6,10.8,15.4,8.5
339,2014,5,7,8.5,15.3,9.0
340,2014,5,8,4.1,18.7,11.7
341,2014,5,9,5.9,19.1,7.5
342,2014,5,10,12.9,16.3,3.9
343,2014,5,11,9.6,19.6,9.7
344,2014,5,12,7.7,18.7,10.7
345,2014,5,13,7.6,20.8,10.1
346,2014,5,14,8.6,21.1,10.4
347,2014,5,15,14.3,22.9,10.2
348,2014,5,16,16.7,23.4,9.1
349,2014,5,17,16.5,20.3,4.3
350,2014,5,18,17.3,22.4,7.4
351,2014,5,19,17.3,23.5,7.7
352,2014,5,20,15.0,21.8,3.9
353,2014,5,21,10.7,23.7,9.3
354,2014,5,22,12.9,21.0,6.2
355,2014,5,23,15.2,19.8,5.1
356,2014,5,24,9.9,16.3,7.4
357,2014,5,25,12.8,20.9,8.3
358,2014,5,26,11.8,22.2,4.2
359,2014,5,27,14.8,20.5,3.3
360,2014,5,28,13.1,18.2,3.7
361,2014,5,29,9.3,15.5,5.2
362,2014,5,30,6.1,17.5,9.1
363,2014,5,31,7.5,18.9,4.7
364,2014,6,1,11.3,15.3,3.3
365,2014,6,2,11.0,16.4,4.8
366,2014,6,3,12.1,16.3,4.2
367,2014,6,4,10.7,18.7,4.7
368,2014,6,5,11.6,15.1,7.5
369,2014,6,6,8.4,15.3,7.5
370,2014,6,7,9.5,16.4,6.0
371,2014,6,8,10.9,14.8,6.7
372,2014,6,9,5.6,15.6,7.9
373,2014,6,10,9.1,18.6,7.4
374,2014,6,11,6.3,17.1,7.6
375,2014,6,12,8.6,16.4,4.3
376,2014,6,13,12.1,17.5,7.3
377,2014,6,14,10.1,14.7,4.6
378,2014,6,15,10.5,14.7,7.4
379,2014,6,16,10.4,16.6,5.6
380,2014,6,17,10.1,14.9,5.8
381,2014,6,18,11.0,14.1,4.7
382,2014,6,19,7.2,12.5,6.4
383,2014,6,20,9.4,15.8,6.8
384,2014,6,21,11.7,15.9,6.1
385,2014,6,22,7.2,15.7,6.8
386,2014,6,23,9.3,15.0,4.2
387,2014,6,24,7.2,14.3,3.7
388,2014,6,25,8.8,15.8,4.9
389,2014,6,26,11.5,16.2,4.9
390,2014,6,27,10.9,15.1,4.3
391,2014,6,28,9.7,13.3,6.5
392,2014,6,29,9.0,11.1,3.4
393,2014,6,30,7.0,13.2,5.0
394,2014,7,1,8.9,13.3,4.2
395,2014,7,2,10.9,16.7,7.1
396,2014,7,3,7.4,13.1,8.7
397,2014,7,4,8.3,12.8,6.5
398,2014,7,5,8.9,15.3,3.9
399,2014,7,6,10.5,13.8,5.8
400,2014,7,7,9.5,15.8,8.5
401,2014,7,8,9.4,15.1,8.6
402,2014,7,9,9.4,11.7,4.0
403,2014,7,10,7.8,14.7,7.1
404,2014,7,11,7.9,14.6,7.6
405,2014,7,12,7.3,10.4,6.6
406,2014,7,13,5.1,13.6,8.1
407,2014,7,14,6.9,13.5,5.6
408,2014,7,15,6.9,13.2,3.0
409,2014,7,16,9.9,14.7,7.9
410,2014,7,17,8.7,12.3,8.0
411,2014,7,18,6.1,12.5,8.8
412,2014,7,19,8.2,12.7,6.0
413,2014,7,20,7.7,13.7,8.4
414,2014,7,21,4.8,12.9,8.6
415,2014,7,22,5.2,12.2,7.7
416,2014,7,23,4.1,14.1,9.1
417,2014,7,24,4.2,15.0,5.4
418,2014,7,25,8.6,16.4,7.2
419,2014,7,26,12.2,14.8,3.3
420,2014,7,27,7.2,16.8,9.3
421,2014,7,28,10.0,16.9,10.0
422,2014,7,29,11.6,16.8,5.3
423,2014,7,30,12.1,19.3,6.1
424,2014,7,31,13.7,19.7,8.4
425,2014,8,1,6.2,10.1,4.5
426,2014,8,2,4.8,11.9,9.9
427,2014,8,3,1.2,14.4,11.4
428,2014,8,4,1.7,14.9,11.5
429,2014,8,5,4.6,16.8,6.9
430,2014,8,6,10.6,16.0,7.0
431,2014,8,7,10.7,14.1,6.1
432,2014,8,8,10.6,16.3,5.5
433,2014,8,9,7.1,15.2,8.5
434,2014,8,10,9.7,12.2,11.2
435,2014,8,11,5.9,12.2,10.7
436,2014,8,12,6.2,11.9,8.7
437,2014,8,13,7.8,13.5,11.0
438,2014,8,14,9.5,13.7,8.9
439,2014,8,15,3.6,16.9,12.8
440,2014,8,16,5.4,11.7,9.4
441,2014,8,17,6.7,15.0,7.7
442,2014,8,18,10.2,13.5,5.5
443,2014,8,19,10.7,13.4,6.1
444,2014,8,20,9.7,12.6,6.4
445,2014,8,21,7.5,17.8,10.3
446,2014,8,22,7.0,20.2,13.0
447,2014,8,23,7.4,20.7,13.1
448,2014,8,24,11.0,15.5,6.2
449,2014,8,25,10.8,16.6,9.4
450,2014,8,26,7.0,17.6,13.2
451,2014,8,27,6.7,17.4,14.5
452,2014,8,28,7.4,18.8,12.8
453,2014,8,29,7.6,14.9,9.4
454,2014,8,30,10.4,21.1,15.0
455,2014,8,31,9.5,21.8,14.6
456,2014,9,1,15.0,15.5,3.0
457,2014,9,2,8.6,14.2,14.1
458,2014,9,3,7.9,13.8,12.9
459,2014,9,4,4.8,14.3,15.9
460,2014,9,5,4.8,15.1,16.5
461,2014,9,6,6.0,18.1,14.8
462,2014,9,7,6.7,20.8,16.9
463,2014,9,8,9.7,21.5,15.2
464,2014,9,9,16.0,20.1,8.0
465,2014,9,10,11.6,19.3,13.0
466,2014,9,11,11.2,16.4,14.4
467,2014,9,12,5.8,15.5,15.2
468,2014,9,13,5.7,17.2,18.0
469,2014,9,14,6.8,19.8,17.6
470,2014,9,15,9.2,18.4,7.8
471,2014,9,16,11.0,14.8,3.4
472,2014,9,17,9.6,15.9,14.4
473,2014,9,18,8.0,13.5,13.7
474,2014,9,19,8.7,14.7,12.1
475,2014,9,20,9.8,15.1,17.6
476,2014,9,21,10.4,16.4,18.5
477,2014,9,22,5.4,23.3,20.2
478,2014,9,23,9.4,25.7,18.8
479,2014,9,24,15.0,23.8,11.4
480,2014,9,25,13.6,15.4,10.5
481,2014,9,26,10.4,18.7,18.3
482,2014,9,27,8.8,23.2,19.3
483,2014,9,28,15.5,28.0,19.0
484,2014,9,29,14.6,23.3,19.1
485,2014,9,30,13.5,24.0,12.1
486,2014,10,1,7.4,15.2,16.6
487,2014,10,2,9.6,17.1,9.1
488,2014,10,3,10.7,19.6,18.7
489,2014,10,4,8.7,26.3,21.2
490,2014,10,5,13.7,17.4,20.8
491,2014,10,6,9.1,25.4,2.8
492,2014,10,7,12.1,17.2,16.7
493,2014,10,8,9.0,18.6,10.7
494,2014,10,9,9.4,21.9,21.6
495,2014,10,10,13.8,24.5,10.9
496,2014,10,11,13.7,20.0,18.2
497,2014,10,12,9.4,26.9,21.9
498,2014,10,13,9.7,14.6,16.2
499,2014,10,14,8.6,15.6,20.5
500,2014,10,15,5.9,15.4,17.9
501,2014,10,16,11.0,15.6,13.7
502,2014,10,17,10.2,16.3,25.2
503,2014,10,18,8.0,24.6,15.7
504,2014,10,19,13.5,29.2,16.9
505,2014,10,20,10.2,20.7,26.4
506,2014,10,21,8.0,28.2,25.8
507,2014,10,22,13.1,32.3,23.5
508,2014,10,23,14.8,22.3,12.0
509,2014,10,24,14.6,30.3,23.3
510,2014,10,25,14.1,18.2,18.4
511,2014,10,26,13.8,24.7,18.6
512,2014,10,27,13.5,19.4,16.4
513,2014,10,28,11.6,19.5,12.2
514,2014,10,29,10.7,21.8,20.6
515,2014,10,30,13.4,21.3,23.8
516,2014,10,31,10.4,32.3,24.1
517,2014,11,1,13.4,17.2,19.8
518,2014,11,2,9.1,15.4,19.9
519,2014,11,3,11.0,23.1,26.1
520,2014,11,4,12.5,28.8,18.4
521,2014,11,5,12.5,16.8,25.8
522,2014,11,6,11.0,22.5,28.0
523,2014,11,7,11.1,32.1,28.6
524,2014,11,8,18.0,34.9,27.3
525,2014,11,9,12.6,17.5,29.0
526,2014,11,10,11.0,19.6,26.2
527,2014,11,11,12.2,17.0,25.8
528,2014,11,12,7.9,22.8,29.9
529,2014,11,13,12.7,30.6,23.5
530,2014,11,14,17.7,18.9,10.2
531,2014,11,15,12.1,17.6,11.8
532,2014,11,16,10.6,17.6,14.7
533,2014,11,17,12.2,19.1,20.6
534,2014,11,18,10.9,19.9,24.6
535,2014,11,19,11.4,29.2,29.3
536,2014,11,20,15.4,28.4,2.9
537,2014,11,21,16.2,22.2,25.4
538,2014,11,22,12.9,31.0,14.3
539,2014,11,23,16.5,24.5,27.3
540,2014,11,24,14.5,19.7,2.4
541,2014,11,25,11.5,20.9,23.0
542,2014,11,26,12.0,18.9,15.4
543,2014,11,27,13.1,18.3,29.1
544,2014,11,28,11.4,18.8,29.1
545,2014,11,29,11.9,24.1,29.6
546,2014,11,30,15.6,35.0,27.7
547,2014,12,1,20.8,28.1,21.4
548,2014,12,2,16.1,24.3,29.7
549,2014,12,3,16.2,23.9,5.0
550,2014,12,4,17.5,25.6,28.1
551,2014,12,5,17.4,20.4,5.2
552,2014,12,6,15.4,22.7,14.7
553,2014,12,7,13.8,17.8,6.4
554,2014,12,8,14.1,20.1,29.7
555,2014,12,9,15.3,19.0,28.7
556,2014,12,10,12.7,20.0,7.3
557,2014,12,11,15.9,19.8,25.8
558,2014,12,12,14.0,26.6,33.0
559,2014,12,13,14.4,30.7,32.7
560,2014,12,14,18.9,25.1,27.1
561,2014,12,15,15.3,22.9,26.5
562,2014,12,16,16.0,32.3,23.9
563,2014,12,17,12.2,21.6,31.9
564,2014,12,18,11.6,24.8,17.0
565,2014,12,19,11.4,19.3,28.9
566,2014,12,20,12.5,22.5,32.3
567,2014,12,21,13.1,33.1,31.8
568,2014,12,22,17.2,23.6,18.7
569,2014,12,23,19.7,26.5,11.6
570,2014,12,24,14.4,21.3,33.4
571,2014,12,25,13.4,23.0,32.7
572,2014,12,26,10.8,18.9,31.8
573,2014,12,27,12.5,21.1,33.8
574,2014,12,28,12.2,32.0,31.6
575,2014,12,29,16.7,26.2,12.6
576,2014,12,30,13.5,23.4,25.7
577,2014,12,31,12.6,25.3,32.0
578,2015,1,1,13.3,26.9,23.6
579,2015,1,2,15.4,38.8,26.8
580,2015,1,3,20.0,38.2,26.5
581,2015,1,4,16.3,21.4,25.2
582,2015,1,5,15.0,22.0,30.7
583,2015,1,6,17.7,26.0,31.6
584,2015,1,7,18.9,37.4,20.7
585,2015,1,8,23.1,28.2,13.5
586,2015,1,9,16.5,18.0,3.1
587,2015,1,10,13.6,21.7,5.6
588,2015,1,11,15.6,27.5,29.9
589,2015,1,12,16.1,31.3,31.6
590,2015,1,13,20.2,25.6,4.2
591,2015,1,14,18.3,22.7,15.2
592,2015,1,15,15.8,20.0,14.6
593,2015,1,16,13.1,27.3,30.3
594,2015,1,17,15.9,25.0,27.5
595,2015,1,18,15.3,19.5,23.4
596,2015,1,19,13.5,23.6,29.0
597,2015,1,20,13.0,30.4,19.6
598,2015,1,21,19.7,33.1,25.8
599,2015,1,22,18.7,35.8,23.1
600,2015,1,23,20.2,25.0,28.6
601,2015,1,24,15.8,26.3,30.3
602,2015,1,25,14.7,22.0,25.4
603,2015,1,26,11.6,19.8,19.9
604,2015,1,27,11.7,19.1,17.7
605,2015,1,28,13.3,25.4,27.0
606,2015,1,29,12.8,22.2,28.9
607,2015,1,30,13.1,21.0,27.6
608,2015,1,31,14.3,20.2,26.2
609,2015,2,1,13.2,19.0,17.3
610,2015,2,2,13.5,21.1,23.9
611,2015,2,3,16.1,20.0,22.7
612,2015,2,4,14.8,19.0,21.2
613,2015,2,5,13.3,24.2,28.8
614,2015,2,6,14.5,35.7,28.4
615,2015,2,7,18.8,35.0,16.1
616,2015,2,8,18.9,21.5,16.6
617,2015,2,9,13.6,28.3,28.6
618,2015,2,10,16.4,27.8,27.7
619,2015,2,11,18.1,26.8,24.1
620,2015,2,12,17.8,21.9,23.8
621,2015,2,13,16.1,32.4,14.9
622,2015,2,14,19.0,25.1,20.8
623,2015,2,15,18.2,34.4,25.7
624,2015,2,16,17.4,24.6,26.3
625,2015,2,17,17.6,20.6,8.3
626,2015,2,18,17.7,21.2,7.8
627,2015,2,19,18.2,26.9,24.7
628,2015,2,20,17.4,25.3,24.7
629,2015,2,21,18.1,36.1,20.0
630,2015,2,22,20.3,35.3,11.7
631,2015,2,23,21.1,29.3,4.7
632,2015,2,24,15.9,20.1,21.4
633,2015,2,25,14.0,27.0,24.1
634,2015,2,26,16.0,23.2,18.5
635,2015,2,27,14.8,24.3,21.7
636,2015,2,28,17.9,32.3,6.9
637,2015,3,1,15.2,20.8,23.3
638,2015,3,2,11.6,23.0,22.0
639,2015,3,3,15.5,22.7,21.2
640,2015,3,4,15.4,23.5,23.0
641,2015,3,5,12.6,18.6,22.5
642,2015,3,6,14.1,21.1,10.8
643,2015,3,7,15.4,22.6,10.8
644,2015,3,8,16.2,24.4,20.4
645,2015,3,9,14.4,23.8,18.6
646,2015,3,10,16.2,21.7,22.1
647,2015,3,11,11.2,23.8,22.3
648,2015,3,12,13.0,19.9,18.7
649,2015,3,13,14.4,20.4,21.2
650,2015,3,14,9.4,30.1,20.0
651,2015,3,15,13.1,18.3,17.5
652,2015,3,16,10.5,25.5,14.5
653,2015,3,17,13.0,26.2,4.8
654,2015,3,18,17.8,24.4,9.4
655,2015,3,19,16.5,33.5,15.1
656,2015,3,20,14.2,19.6,19.9
657,2015,3,21,11.9,22.7,20.8
658,2015,3,22,11.3,28.8,19.9
659,2015,3,23,13.6,27.0,3.9
660,2015,3,24,12.6,15.3,3.8
661,2015,3,25,13.0,20.4,13.8
662,2015,3,26,9.8,18.0,9.9
663,2015,3,27,11.6,18.1,11.2
664,2015,3,28,12.7,19.1,14.4
665,2015,3,29,8.5,22.7,18.6
666,2015,3,30,10.6,23.1,18.1
667,2015,3,31,11.2,25.3,18.1
668,2015,4,1,13.3,29.0,10.7
669,2015,4,2,12.8,17.2,17.5
670,2015,4,3,8.0,20.9,17.4
671,2015,4,4,8.5,23.5,16.2
672,2015,4,5,10.2,18.5,9.8
673,2015,4,6,11.2,18.4,13.0
674,2015,4,7,12.4,17.3,3.9
675,2015,4,8,13.3,17.7,12.6
676,2015,4,9,8.7,19.1,10.9
677,2015,4,10,8.6,18.7,15.9
678,2015,4,11,11.6,23.7,14.9
679,2015,4,12,12.1,18.3,13.4
680,2015,4,13,7.3,19.1,14.9
681,2015,4,14,10.5,24.7,8.4
682,2015,4,15,13.9,27.6,12.8
683,2015,4,16,15.6,17.8,10.9
684,2015,4,17,10.1,17.1,7.5
685,2015,4,18,13.5,21.9,9.9
686,2015,4,19,9.7,14.7,11.0
687,2015,4,20,7.0,16.2,12.7
688,2015,4,21,6.5,17.7,13.8
689,2015,4,22,9.1,19.5,7.1
690,2015,4,23,12.2,19.2,7.5
691,2015,4,24,14.4,21.1,7.8
692,2015,4,25,11.6,15.0,3.5
693,2015,4,26,10.4,15.4,5.9
694,2015,4,27,10.5,15.1,8.3
695,2015,4,28,10.1,16.0,8.9
696,2015,4,29,7.4,17.1,12.6
697,2015,4,30,6.4,19.6,12.3
698,2015,5,1,7.9,23.1,12.1
699,2015,5,2,11.6,22.2,6.1
700,2015,5,3,9.7,18.2,11.2
701,2015,5,4,7.5,22.3,11.6
702,2015,5,5,9.2,18.1,7.1
703,2015,5,6,9.5,16.2,7.6
704,2015,5,7,10.3,15.6,6.9
705,2015,5,8,10.5,15.9,5.9
706,2015,5,9,12.8,18.7,7.3
707,2015,5,10,12.8,16.6,5.9
708,2015,5,11,12.4,15.9,7.9
709,2015,5,12,12.8,17.4,5.9
710,2015,5,13,6.3,12.8,8.7
711,2015,5,14,7.3,14.6,6.7
712,2015,5,15,11.5,14.5,6.2
713,2015,5,16,11.3,16.2,10.4
714,2015,5,17,7.4,20.5,10.3
715,2015,5,18,7.2,20.4,10.2
716,2015,5,19,9.9,16.2,3.2
717,2015,5,20,13.6,18.1,6.0
718,2015,5,21,10.3,13.6,3.5
719,2015,5,22,9.1,14.1,6.7
720,2015,5,23,10.4,13.3,7.7
721,2015,5,24,6.0,15.6,8.6
722,2015,5,25,7.4,17.1,8.1
723,2015,5,26,5.4,15.6,6.8
724,2015,5,27,7.9,18.7,7.4
725,2015,5,28,13.1,19.7,8.4
726,2015,5,29,9.5,15.8,6.6
727,2015,5,30,11.0,17.3,8.0
728,2015,5,31,12.3,16.8,4.9
729,2015,6,1,5.2,12.2,8.1
730,2015,6,2,7.1,11.4,4.6
731,2015,6,3,8.1,13.6,8.2
732,2015,6,4,4.4,11.3,5.5
733,2015,6,5,7.0,15.0,7.0
734,2015,6,6,9.2,16.6,6.4
735,2015,6,7,11.2,14.5,6.9
736,2015,6,8,11.1,18.5,8.2
737,2015,6,9,10.3,13.5,8.6
738,2015,6,10,7.5,13.4,7.1
739,2015,6,11,5.7,14.0,8.3
740,2015,6,12,5.2,13.1,6.9
741,2015,6,13,6.0,18.2,8.0
742,2015,6,14,5.8,17.4,8.0
743,2015,6,15,7.1,16.9,6.6
744,2015,6,16,9.5,16.1,3.3
745,2015,6,17,11.7,13.8,4.7
746,2015,6,18,10.7,12.7,4.2
747,2015,6,19,7.0,12.4,7.9
748,2015,6,20,4.1,11.6,7.1
749,2015,6,21,2.2,12.9,8.6
750,2015,6,22,3.6,14.1,6.2
751,2015,6,23,9.6,17.6,5.8
752,2015,6,24,12.2,16.0,7.7
753,2015,6,25,9.6,14.0,6.3
754,2015,6,26,10.5,16.9,7.1
755,2015,6,27,8.0,14.1,5.0
756,2015,6,28,9.6,14.5,4.1
757,2015,6,29,6.9,12.3,5.6
758,2015,6,30,5.0,14.2,7.9
759,2015,7,1,7.4,15.0,6.9
760,2015,7,2,10.3,11.9,7.0
761,2015,7,3,5.9,12.0,5.0
762,2015,7,4,7.3,10.6,2.8
763,2015,7,5,8.2,14.9,8.2
764,2015,7,6,7.5,11.5,4.4
765,2015,7,7,7.4,14.2,7.0
766,2015,7,8,4.9,14.8,8.5
767,2015,7,9,6.5,13.4,3.5
768,2015,7,10,7.6,14.3,5.8
769,2015,7,11,10.9,13.1,3.7
770,2015,7,12,3.4,12.3,2.9
771,2015,7,13,6.1,12.7,4.2
772,2015,7,14,8.1,9.8,4.8
773,2015,7,15,5.8,10.5,7.4
774,2015,7,16,6.6,12.3,8.1
775,2015,7,17,7.3,12.3,6.5
776,2015,7,18,6.1,11.5,9.5
777,2015,7,19,0.6,12.1,9.7
778,2015,7,20,1.8,14.7,9.7
779,2015,7,21,4.2,17.0,8.6
780,2015,7,22,11.4,16.6,6.0
781,2015,7,23,5.1,16.1,9.5
782,2015,7,24,7.6,15.0,4.4
783,2015,7,25,9.4,13.3,7.7
784,2015,7,26,8.1,11.6,8.5
785,2015,7,27,6.2,13.9,9.6
786,2015,7,28,7.9,14.4,10.2
787,2015,7,29,8.4,14.0,9.0
788,2015,7,30,8.6,12.3,4.5
789,2015,7,31,4.1,14.0,10.8
790,2015,8,1,6.5,11.4,4.2
791,2015,8,2,7.8,14.9,8.3
792,2015,8,3,7.3,10.8,9.4
793,2015,8,4,3.5,11.3,7.1
794,2015,8,5,6.6,10.8,8.0
795,2015,8,6,7.1,12.8,7.0
796,2015,8,7,9.0,13.1,9.0
797,2015,8,8,8.8,12.6,6.6
798,2015,8,9,7.7,13.3,6.9
799,2015,8,10,8.3,16.0,10.7
800,2015,8,11,7.8,14.8,11.7
801,2015,8,12,9.3,14.8,9.2
802,2015,8,13,8.4,13.0,7.0
803,2015,8,14,10.4,15.3,7.3
804,2015,8,15,10.0,14.9,10.9
805,2015,8,16,4.7,17.0,9.5
806,2015,8,17,6.8,12.2,9.9
807,2015,8,18,6.1,11.1,9.8
808,2015,8,19,5.5,12.7,10.2
809,2015,8,20,6.1,17.1,12.7
810,2015,8,21,10.9,18.7,4.1
811,2015,8,22,11.8,18.8,11.8
812,2015,8,23,7.9,16.3,13.1
813,2015,8,24,8.5,14.5,9.6
814,2015,8,25,9.5,14.3,8.1
815,2015,8,26,9.2,14.6,7.8
816,2015,8,27,9.8,11.7,2.7
817,2015,8,28,8.1,13.2,12.2
818,2015,8,29,6.3,11.7,9.1
819,2015,8,30,7.9,12.5,14.3
820,2015,8,31,8.1,13.0,11.5
821,2015,9,1,5.1,16.2,15.7
822,2015,9,2,8.0,18.8,10.5
823,2015,9,3,10.6,14.0,8.0
824,2015,9,4,8.7,13.7,13.0
825,2015,9,5,10.2,14.0,14.8
826,2015,9,6,5.8,16.6,11.8
827,2015,9,7,8.9,13.6,9.2
828,2015,9,8,8.8,12.8,11.1
829,2015,9,9,10.0,15.3,11.4
830,2015,9,10,10.0,15.7,17.3
831,2015,9,11,5.1,20.1,17.7
832,2015,9,12,12.2,21.7,10.2
833,2015,9,13,13.2,25.5,17.1
834,2015,9,14,15.4,26.7,17.8
835,2015,9,15,10.8,15.9,15.0
836,2015,9,16,8.9,14.8,17.6
837,2015,9,17,9.0,14.3,12.4
838,2015,9,18,10.5,14.7,8.1
839,2015,9,19,6.5,21.3,17.0
840,2015,9,20,8.5,22.9,17.3
841,2015,9,21,14.0,18.1,6.7
842,2015,9,22,7.6,12.7,17.4
843,2015,9,23,8.5,12.6,20.3
844,2015,9,24,5.1,14.3,18.2
845,2015,9,25,5.8,19.1,20.2
846,2015,9,26,6.6,17.9,20.1
847,2015,9,27,9.8,20.2,19.6
848,2015,9,28,8.3,21.4,13.6
849,2015,9,29,9.0,16.9,13.5
850,2015,9,30,11.5,15.9,16.8
851,2015,10,1,6.0,21.6,21.7
852,2015,10,2,9.9,28.6,21.7
853,2015,10,3,16.3,31.3,22.2
854,2015,10,4,13.9,24.9,22.2
855,2015,10,5,12.7,34.4,22.0
856,2015,10,6,15.5,35.8,18.9
857,2015,10,7,11.8,16.2,23.6
858,2015,10,8,7.6,18.6,23.3
859,2015,10,9,10.9,29.9,22.0
860,2015,10,10,17.5,29.2,11.9
861,2015,10,11,16.9,19.2,19.6
862,2015,10,12,11.3,16.1,13.4
863,2015,10,13,7.9,17.6,24.3
864,2015,10,14,11.2,28.6,24.4
865,2015,10,15,14.4,34.0,22.2
866,2015,10,16,17.0,23.8,8.4
867,2015,10,17,11.5,20.5,20.4
868,2015,10,18,12.6,17.7,24.2
869,2015,10,19,8.3,26.7,25.8
870,2015,10,20,12.9,31.8,14.4
871,2015,10,21,17.6,18.3,7.3
872,2015,10,22,11.4,16.7,8.5
873,2015,10,23,11.8,16.4,21.0
874,2015,10,24,9.2,19.5,25.1
875,2015,10,25,10.2,31.3,20.1
876,2015,10,26,14.0,15.9,14.5
877,2015,10,27,10.4,23.3,28.1
878,2015,10,28,10.1,26.8,27.6
879,2015,10,29,13.7,26.1,26.8
880,2015,10,30,12.6,27.4,22.6
881,2015,10,31,15.7,25.9,13.5
882,2015,11,1,16.4,26.0,10.0
883,2015,11,2,14.5,16.0,8.2
884,2015,11,3,8.0,17.9,25.4
885,2015,11,4,10.9,27.2,19.6
886,2015,11,5,16.2,24.7,16.4
887,2015,11,6,16.6,18.7,3.7
888,2015,11,7,11.9,16.8,25.2
889,2015,11,8,8.5,24.8,25.1
890,2015,11,9,13.6,33.1,26.4
891,2015,11,10,15.2,16.4,5.3
892,2015,11,11,11.5,20.1,16.0
893,2015,11,12,13.7,21.2,19.2
894,2015,11,13,13.5,18.2,26.1
895,2015,11,14,12.1,18.3,27.5
896,2015,11,15,13.0,18.5,27.6
897,2015,11,16,11.4,26.3,29.4
898,2015,11,17,15.7,33.3,24.0
899,2015,11,18,14.7,29.5,29.2
900,2015,11,19,15.6,31.5,20.6
901,2015,11,20,15.4,19.1,6.4
902,2015,11,21,12.2,17.5,20.9
903,2015,11,22,13.5,20.0,27.3
904,2015,11,23,13.8,20.7,27.3
905,2015,11,24,13.6,24.5,30.0
906,2015,11,25,13.5,33.3,9.3
907,2015,11,26,10.8,17.4,23.3
908,2015,11,27,9.0,18.2,16.8
909,2015,11,28,12.0,20.1,27.1
910,2015,11,29,12.6,20.3,23.4
911,2015,11,30,10.0,32.2,26.6
912,2015,12,1,14.5,24.6,24.4
913,2015,12,2,9.2,17.5,32.4
914,2015,12,3,12.2,21.3,30.1
915,2015,12,4,11.3,30.8,32.2
916,2015,12,5,15.5,25.3,27.9
917,2015,12,6,15.3,29.8,13.5
918,2015,12,7,18.1,27.3,8.7
919,2015,12,8,20.3,35.4,19.8
920,2015,12,9,15.4,24.6,27.0
921,2015,12,10,13.1,26.0,32.0
922,2015,12,11,14.2,19.2,13.0
923,2015,12,12,10.1,18.3,27.9
924,2015,12,13,10.3,28.3,28.6
925,2015,12,14,11.9,22.7,31.6
926,2015,12,15,14.4,24.6,30.3
927,2015,12,16,15.6,27.5,32.5
928,2015,12,17,16.9,37.2,33.1
929,2015,12,18,19.4,35.4,31.2
930,2015,12,19,19.2,41.2,20.5
931,2015,12,20,25.9,37.8,10.4
932,2015,12,21,15.0,20.2,25.4
933,2015,12,22,12.0,22.8,32.9
934,2015,12,23,15.1,26.0,32.4
935,2015,12,24,16.7,34.6,32.8
936,2015,12,25,21.7,34.1,33.3
937,2015,12,26,12.7,20.0,19.2
938,2015,12,27,11.9,19.4,27.6
939,2015,12,28,12.8,20.8,33.2
940,2015,12,29,12.4,23.9,33.0
941,2015,12,30,13.9,34.7,32.8
942,2015,12,31,19.7,39.7,29.6
943,2016,1,1,19.8,24.2,22.0
944,2016,1,2,17.1,27.6,25.1
945,2016,1,3,17.5,27.1,25.7
946,2016,1,4,16.3,26.0,15.3
947,2016,1,5,17.1,25.7,25.8
948,2016,1,6,17.3,25.7,18.1
949,2016,1,7,16.3,21.3,30.4
950,2016,1,8,16.2,20.6,25.4
951,2016,1,9,16.8,21.4,21.3
952,2016,1,10,15.7,31.5,31.3
953,2016,1,11,17.2,36.4,15.8
954,2016,1,12,17.1,24.8,29.1
955,2016,1,13,16.8,42.2,25.0
956,2016,1,14,16.1,18.1,3.9
957,2016,1,15,13.6,19.2,19.7
958,2016,1,16,11.9,22.3,32.6
959,2016,1,17,14.9,32.7,31.5
960,2016,1,18,18.6,35.3,30.4
961,2016,1,19,17.9,30.9,27.2
962,2016,1,20,19.3,29.1,18.6
963,2016,1,21,19.0,26.7,14.9
964,2016,1,22,17.5,22.8,6.5
965,2016,1,23,17.3,21.9,23.2
966,2016,1,24,16.2,22.2,23.4
967,2016,1,25,16.7,20.9,25.7
968,2016,1,26,16.5,29.4,28.7
969,2016,1,27,19.3,29.5,22.2
970,2016,1,28,20.3,27.5,19.0
971,2016,1,29,14.4,18.3,14.3
972,2016,1,30,12.3,22.4,24.0
973,2016,1,31,13.9,21.8,26.3
974,2016,2,1,12.5,23.6,29.4
975,2016,2,2,15.4,31.5,25.5
976,2016,2,3,18.1,21.0,11.0
977,2016,2,4,17.3,20.9,21.7
978,2016,2,5,15.3,29.4,29.0
979,2016,2,6,16.5,32.6,28.8
980,2016,2,7,19.1,27.7,28.5
981,2016,2,8,19.2,22.9,23.3
982,2016,2,9,17.4,22.7,27.7
983,2016,2,10,17.4,23.3,25.3
984,2016,2,11,18.0,23.8,27.6
985,2016,2,12,16.7,24.9,27.9
986,2016,2,13,17.7,30.3,23.4
987,2016,2,14,16.4,24.5,22.9
988,2016,2,15,14.0,26.1,25.4
989,2016,2,16,13.7,18.4,14.5
990,2016,2,17,12.7,21.1,16.2
991,2016,2,18,15.5,22.6,20.6
992,2016,2,19,15.8,22.0,11.2
993,2016,2,20,15.8,20.8,23.8
994,2016,2,21,12.6,24.7,26.5
995,2016,2,22,15.6,29.5,8.4
996,2016,2,23,18.1,39.4,19.4
997,2016,2,24,22.4,25.6,15.8
998,2016,2,25,19.6,26.4,13.8
999,2016,2,26,15.5,23.5,19.3
1000,2016,2,27,17.7,22.2,17.7
1001,2016,2,28,17.7,22.7,21.5
1002,2016,2,29,15.0,23.7,18.2
1003,2016,3,1,17.3,33.7,23.4
1004,2016,3,2,17.6,34.7,22.6
1005,2016,3,3,17.4,23.9,21.8
1006,2016,3,4,16.5,33.0,21.2
1007,2016,3,5,20.4,23.7,11.4
1008,2016,3,6,17.4,25.2,21.3
1009,2016,3,7,18.6,24.9,7.9
1010,2016,3,8,19.9,38.9,20.8
1011,2016,3,9,20.8,28.5,10.8
1012,2016,3,10,18.1,22.1,3.9
1013,2016,3,11,18.8,26.1,19.6
1014,2016,3,12,18.7,22.3,7.0
1015,2016,3,13,17.7,23.2,13.8
1016,2016,3,14,18.4,21.3,10.6
1017,2016,3,15,15.1,26.8,20.7
1018,2016,3,16,15.3,31.4,18.9
1019,2016,3,17,18.3,32.5,19.6
1020,2016,3,18,15.2,19.5,6.7
1021,2016,3,19,12.0,18.8,10.7
1022,2016,3,20,10.1,23.3,19.0
1023,2016,3,21,11.2,23.5,19.7
1024,2016,3,22,11.4,24.3,21.1
1025,2016,3,23,13.7,28.8,12.7
1026,2016,3,24,16.3,21.2,10.4
1027,2016,3,25,15.9,20.4,14.4
1028,2016,3,26,14.1,20.2,8.2
1029,2016,3,27,14.3,19.9,14.0
1030,2016,3,28,9.4,19.2,13.0
1031,2016,3,29,14.5,17.9,5.7
1032,2016,3,30,15.5,18.7,8.5
1033,2016,3,31,11.3,22.7,17.1
1034,2016,4,1,13.1,26.5,16.7
1035,2016,4,2,15.5,19.5,8.3
1036,2016,4,3,11.3,18.8,15.4
1037,2016,4,4,9.7,21.2,18.4
1038,2016,4,5,12.3,29.0,17.1
1039,2016,4,6,13.6,15.6,3.9
1040,2016,4,7,8.3,18.4,13.1
1041,2016,4,8,11.9,20.0,9.6
1042,2016,4,9,10.4,22.3,13.0
1043,2016,4,10,13.6,23.5,9.6
1044,2016,4,11,14.5,20.1,14.1
1045,2016,4,12,14.0,18.7,13.5
1046,2016,4,13,11.3,20.0,12.6
1047,2016,4,14,11.6,27.0,12.7
1048,2016,4,15,13.4,27.0,15.9
1049,2016,4,16,14.0,20.3,8.3
1050,2016,4,17,13.1,19.8,14.7
1051,2016,4,18,9.8,25.0,15.0
1052,2016,4,19,13.6,27.4,14.5
1053,2016,4,20,15.3,28.0,14.0
1054,2016,4,21,17.1,24.2,5.6
1055,2016,4,22,14.6,16.7,7.9
1056,2016,4,23,12.3,18.6,8.5
1057,2016,4,24,9.1,20.0,14.8
1058,2016,4,25,9.9,25.0,14.8
1059,2016,4,26,11.3,25.6,14.6
1060,2016,4,27,13.0,25.4,13.5
1061,2016,4,28,19.8,24.9,5.3
1062,2016,4,29,16.9,20.6,3.7
1063,2016,4,30,16.4,24.1,12.7
1064,2016,5,1,14.4,17.0,9.0
1065,2016,5,2,9.0,18.4,12.3
1066,2016,5,3,12.3,20.1,8.8
1067,2016,5,4,9.8,18.2,11.8
1068,2016,5,5,12.6,20.5,12.3
1069,2016,5,6,15.9,24.7,13.2
1070,2016,5,7,11.4,25.7,12.6
1071,2016,5,8,15.5,20.4,3.5
1072,2016,5,9,15.4,22.2,6.7
1073,2016,5,10,13.7,17.2,7.6
1074,2016,5,11,12.2,17.4,6.3
1075,2016,5,12,14.1,21.4,6.1
1076,2016,5,13,15.9,21.6,9.9
1077,2016,5,14,14.5,21.7,12.6
1078,2016,5,15,15.0,22.0,6.7
1079,2016,5,16,7.7,19.6,8.9
1080,2016,5,17,11.4,17.1,5.4
1081,2016,5,18,13.0,19.3,7.2
1082,2016,5,19,14.6,18.4,2.2
1083,2016,5,20,11.6,17.4,8.3
1084,2016,5,21,8.1,18.5,8.9
1085,2016,5,22,9.2,22.2,8.5
1086,2016,5,23,12.8,17.2,7.1
1087,2016,5,24,10.7,15.8,7.3
1088,2016,5,25,7.6,15.6,4.9
1089,2016,5,26,10.3,12.5,3.1
1090,2016,5,27,9.2,14.4,8.0
1091,2016,5,28,5.7,13.2,6.2
1092,2016,5,29,8.7,13.9,6.5
1093,2016,5,30,7.2,15.4,9.5
1094,2016,5,31,3.6,17.4,9.5
1095,2016,6,1,4.8,17.0,8.2
1096,2016,6,2,4.8,12.8,9.2
1097,2016,6,3,6.8,14.1,8.5
1098,2016,6,4,9.8,13.4,3.7
1099,2016,6,5,10.5,14.1,3.3
1100,2016,6,6,8.9,14.5,7.1
1101,2016,6,7,10.5,15.3,4.7
1102,2016,6,8,9.7,14.7,4.7
1103,2016,6,9,10.8,17.5,6.0
1104,2016,6,10,10.4,15.8,6.6
1105,2016,6,11,9.0,13.5,6.5
1106,2016,6,12,5.0,13.8,7.3
1107,2016,6,13,3.8,13.4,9.0
1108,2016,6,14,8.6,15.6,8.3
1109,2016,6,15,6.0,17.9,9.2
1110,2016,6,16,7.8,14.3,5.1
1111,2016,6,17,9.3,15.1,3.5
1112,2016,6,18,10.0,12.7,5.3
1113,2016,6,19,7.3,13.5,7.2
1114,2016,6,20,9.1,13.2,3.4
1115,2016,6,21,10.4,14.7,7.0
1116,2016,6,22,11.2,15.4,6.6
1117,2016,6,23,10.4,14.8,7.2
1118,2016,6,24,6.9,10.7,5.8
1119,2016,6,25,5.6,12.7,8.8
1120,2016,6,26,3.0,11.1,7.7
1121,2016,6,27,4.8,10.6,4.7
1122,2016,6,28,5.0,17.0,7.8
1123,2016,6,29,8.9,15.8,8.9
1124,2016,6,30,10.3,11.7,5.6
1125,2016,7,1,7.3,14.1,7.1
1126,2016,7,2,9.9,16.5,6.7
1127,2016,7,3,10.9,16.7,7.8
1128,2016,7,4,10.4,12.7,3.6
1129,2016,7,5,8.2,12.8,1.8
1130,2016,7,6,9.8,13.0,4.6
1131,2016,7,7,10.5,13.7,4.1
1132,2016,7,8,9.7,15.3,7.4
1133,2016,7,9,5.3,15.2,9.5
1134,2016,7,10,6.5,14.2,3.6
1135,2016,7,11,8.3,16.0,7.6
1136,2016,7,12,10.7,13.7,8.1
1137,2016,7,13,4.5,12.0,9.0
1138,2016,7,14,6.6,14.0,7.8
1139,2016,7,15,8.8,14.1,7.2
1140,2016,7,16,7.8,13.7,10.2
1141,2016,7,17,3.1,16.1,10.3
1142,2016,7,18,9.6,17.7,8.8
1143,2016,7,19,12.6,16.0,5.7
1144,2016,7,20,9.8,16.1,9.2
1145,2016,7,21,6.9,18.1,7.4
1146,2016,7,22,9.2,18.3,5.1
1147,2016,7,23,7.5,11.6,9.0
1148,2016,7,24,4.7,11.4,10.3
1149,2016,7,25,6.3,14.3,7.5
1150,2016,7,26,6.5,11.0,7.2
1151,2016,7,27,7.5,12.9,6.9
1152,2016,7,28,6.9,15.2,6.3
1153,2016,7,29,10.2,15.3,5.0
1154,2016,7,30,9.1,13.8,8.5
1155,2016,7,31,10.3,17.0,11.3
1156,2016,8,1,11.2,14.4,5.2
1157,2016,8,2,8.5,13.4,11.2
1158,2016,8,3,8.7,12.8,8.4
1159,2016,8,4,4.9,14.6,11.1
1160,2016,8,5,3.4,14.6,8.7
1161,2016,8,6,5.8,14.4,7.0
1162,2016,8,7,7.6,16.6,10.4
1163,2016,8,8,5.0,14.2,8.0
1164,2016,8,9,9.7,18.9,7.8
1165,2016,8,10,9.6,15.3,11.3
1166,2016,8,11,6.8,15.7,10.3
1167,2016,8,12,7.7,14.1,11.7
1168,2016,8,13,7.9,15.1,9.5
1169,2016,8,14,8.5,18.7,11.6
1170,2016,8,15,10.2,18.1,13.4
1171,2016,8,16,10.0,18.2,13.5
1172,2016,8,17,12.5,15.6,9.6
1173,2016,8,18,7.1,21.6,13.1
1174,2016,8,19,15.3,16.4,2.7
1175,2016,8,20,6.9,13.6,9.7
1176,2016,8,21,9.5,14.8,7.0
1177,2016,8,22,7.8,16.0,8.7
1178,2016,8,23,7.0,13.4,14.2
1179,2016,8,24,3.7,12.7,14.0
1180,2016,8,25,6.5,13.0,13.5
1181,2016,8,26,7.2,14.4,8.8
1182,2016,8,27,9.3,16.3,11.7
1183,2016,8,28,10.5,19.0,12.2
1184,2016,8,29,8.7,20.4,14.2
1185,2016,8,30,10.2,16.8,5.2
1186,2016,8,31,12.8,20.2,10.1
1187,2016,9,1,11.6,15.5,8.8
1188,2016,9,2,9.6,15.0,9.6
1189,2016,9,3,10.0,15.7,12.9
1190,2016,9,4,10.1,16.9,10.0
1191,2016,9,5,12.8,18.4,11.7
1192,2016,9,6,9.2,21.5,15.8
1193,2016,9,7,9.6,21.0,16.7
1194,2016,9,8,13.1,23.3,16.0
1195,2016,9,9,16.0,16.7,5.9
1196,2016,9,10,11.5,14.3,7.9
1197,2016,9,11,7.3,17.0,11.8
1198,2016,9,12,9.9,13.6,7.0
1199,2016,9,13,9.6,14.6,2.8
1200,2016,9,14,10.5,16.1,13.2
1201,2016,9,15,8.7,14.6,6.9
1202,2016,9,16,9.0,15.7,12.5
1203,2016,9,17,11.1,19.8,18.8
1204,2016,9,18,10.8,12.5,5.5
1205,2016,9,19,8.5,16.3,16.2
1206,2016,9,20,9.1,18.8,18.5
1207,2016,9,21,10.9,15.2,8.8
1208,2016,9,22,9.6,13.4,9.9
1209,2016,9,23,9.8,16.5,16.5
1210,2016,9,24,10.0,20.1,18.4
1211,2016,9,25,9.5,14.7,17.1
1212,2016,9,26,8.1,16.9,13.6
1213,2016,9,27,7.4,14.8,13.4
1214,2016,9,28,7.5,19.3,19.6
1215,2016,9,29,12.5,16.7,16.2
1216,2016,9,30,9.3,16.4,16.6
1217,2016,10,1,11.6,18.6,11.9
1218,2016,10,2,12.1,24.0,18.7
1219,2016,10,3,11.1,15.9,13.7
1220,2016,10,4,10.6,17.1,13.2
1221,2016,10,5,8.0,17.1,7.5
1222,2016,10,6,9.7,27.2,22.6
1223,2016,10,7,14.1,22.5,7.8
1224,2016,10,8,9.7,16.9,23.0
1225,2016,10,9,9.5,22.0,14.1
1226,2016,10,10,13.0,16.8,18.4
1227,2016,10,11,7.5,15.1,16.7
1228,2016,10,12,10.2,15.4,12.9
1229,2016,10,13,6.8,14.6,22.8
1230,2016,10,14,5.2,22.7,24.5
1231,2016,10,15,9.4,24.8,21.8
1232,2016,10,16,17.4,23.1,8.0
1233,2016,10,17,9.8,18.9,14.8
1234,2016,10,18,9.6,16.6,16.5
1235,2016,10,19,7.5,16.5,22.1
1236,2016,10,20,6.8,21.8,25.6
1237,2016,10,21,14.8,17.6,1.9
1238,2016,10,22,6.9,13.2,16.9
1239,2016,10,23,7.9,14.1,18.7
1240,2016,10,24,9.4,17.1,20.3
1241,2016,10,25,9.6,25.7,23.1
1242,2016,10,26,16.5,18.5,9.0
1243,2016,10,27,10.1,15.4,25.8
1244,2016,10,28,6.3,16.6,26.5
1245,2016,10,29,9.3,25.6,25.8
1246,2016,10,30,12.7,28.0,19.5
1247,2016,10,31,7.9,17.5,19.0
1248,2016,11,1,9.4,18.4,17.7
1249,2016,11,2,9.7,18.5,13.3
1250,2016,11,3,10.0,19.1,28.0
1251,2016,11,4,10.2,29.2,24.9
1252,2016,11,5,10.0,16.8,10.8
1253,2016,11,6,11.5,21.4,25.2
1254,2016,11,7,14.6,25.9,15.9
1255,2016,11,8,11.0,18.2,28.9
1256,2016,11,9,9.2,17.4,22.0
1257,2016,11,10,11.9,17.5,20.3
1258,2016,11,11,8.4,23.8,29.1
1259,2016,11,12,13.2,25.5,17.0
1260,2016,11,13,11.7,19.0,9.7
1261,2016,11,14,11.5,15.9,14.8
1262,2016,11,15,11.0,19.2,17.1
1263,2016,11,16,11.9,21.6,25.8
1264,2016,11,17,12.0,31.4,28.8
1265,2016,11,18,15.3,18.9,15.6
1266,2016,11,19,11.7,19.4,29.9
1267,2016,11,20,11.9,33.3,22.1
1268,2016,11,21,17.9,35.0,19.8
1269,2016,11,22,14.5,14.9,1.5
1270,2016,11,23,11.0,16.8,16.9
1271,2016,11,24,10.3,17.0,21.6
1272,2016,11,25,10.9,17.9,15.7
1273,2016,11,26,12.2,17.4,18.8
1274,2016,11,27,11.6,16.3,10.1
1275,2016,11,28,12.2,19.6,24.4
1276,2016,11,29,10.4,20.0,31.0
1277,2016,11,30,13.3,18.9,9.6
1278,2016,12,1,12.9,21.9,28.0
1279,2016,12,2,13.0,21.6,29.7
1280,2016,12,3,9.9,23.9,31.2
1281,2016,12,4,12.7,31.7,14.1
1282,2016,12,5,16.9,21.5,21.6
1283,2016,12,6,12.8,20.8,24.2
1284,2016,12,7,10.5,28.3,30.8
1285,2016,12,8,15.4,23.2,11.6
1286,2016,12,9,10.0,17.3,23.2
1287,2016,12,10,11.2,18.8,24.2
1288,2016,12,11,12.9,19.3,27.0
1289,2016,12,12,10.7,32.8,30.0
1290,2016,12,13,16.5,36.3,14.1
1291,2016,12,14,15.7,19.3,21.3
1292,2016,12,15,11.7,18.6,30.8
1293,2016,12,16,9.7,25.5,20.5
1294,2016,12,17,15.1,20.9,22.5
1295,2016,12,18,10.0,17.5,30.3
1296,2016,12,19,8.8,30.2,29.3
1297,2016,12,20,14.4,21.5,26.0
1298,2016,12,21,13.5,19.9,28.8
1299,2016,12,22,14.6,20.0,29.6
1300,2016,12,23,12.5,26.3,28.7
1301,2016,12,24,16.2,34.9,26.3
1302,2016,12,25,16.4,36.3,32.3
1303,2016,12,26,25.4,29.3,10.2
1304,2016,12,27,18.0,29.8,5.8
1305,2016,12,28,20.3,38.2,15.1
1306,2016,12,29,27.0,33.5,15.7
1307,2016,12,30,20.1,27.8,28.8
1308,2016,12,31,17.3,23.8,30.8
1309,2017,1,1,16.8,21.1,8.5
1310,2017,1,2,14.8,17.8,7.8
1311,2017,1,3,14.6,19.5,25.9
1312,2017,1,4,13.3,29.3,31.6
1313,2017,1,5,18.5,31.7,29.7
1314,2017,1,6,18.3,35.2,30.1
1315,2017,1,7,20.9,36.7,28.5
1316,2017,1,8,28.0,33.1,29.3
1317,2017,1,9,18.5,24.4,14.3
1318,2017,1,10,17.7,26.2,28.6
1319,2017,1,11,16.6,24.3,25.9
1320,2017,1,12,14.9,26.5,30.7
1321,2017,1,13,17.5,28.8,1.3
1322,2017,1,14,15.2,23.5,16.5
1323,2017,1,15,15.2,21.5,22.7
1324,2017,1,16,12.2,32.7,30.5
1325,2017,1,17,16.4,37.8,25.5
1326,2017,1,18,15.6,20.8,27.5
1327,2017,1,19,11.0,23.4,29.7
1328,2017,1,20,16.1,20.8,13.2
1329,2017,1,21,15.3,22.6,25.1
1330,2017,1,22,12.7,29.6,30.3
1331,2017,1,23,17.8,36.7,19.2
1332,2017,1,24,19.1,22.0,27.6
1333,2017,1,25,13.5,21.1,29.8
1334,2017,1,26,16.4,21.2,16.9
1335,2017,1,27,17.0,23.6,29.3
1336,2017,1,28,15.0,29.2,29.2
1337,2017,1,29,15.1,27.0,29.4
1338,2017,1,30,17.8,30.0,3.7
1339,2017,1,31,16.5,22.1,26.8
1340,2017,2,1,14.3,20.6,9.3
1341,2017,2,2,14.2,24.1,28.2
1342,2017,2,3,15.4,27.6,28.1
1343,2017,2,4,14.6,35.9,27.3
1344,2017,2,5,18.5,30.7,9.3
1345,2017,2,6,15.1,18.0,3.9
1346,2017,2,7,15.4,27.6,27.9
1347,2017,2,8,16.5,36.0,27.7
1348,2017,2,9,20.3,36.0,24.4
1349,2017,2,10,18.7,27.1,21.3
1350,2017,2,11,18.5,24.6,21.0
1351,2017,2,12,15.1,19.9,12.6
1352,2017,2,13,14.0,21.0,20.5
1353,2017,2,14,14.5,19.5,15.6
1354,2017,2,15,10.0,31.5,26.0
1355,2017,2,16,14.9,23.6,23.2
1356,2017,2,17,13.7,25.5,18.4
1357,2017,2,18,13.3,18.9,16.1
1358,2017,2,19,11.7,17.3,9.9
1359,2017,2,20,11.6,20.3,22.4
1360,2017,2,21,10.1,24.0,25.0
1361,2017,2,22,12.8,33.3,23.1
1362,2017,2,23,15.9,25.0,23.5
1363,2017,2,24,15.8,20.0,13.2
1364,2017,2,25,13.7,19.4,23.9
1365,2017,2,26,13.2,29.8,24.2
1366,2017,2,27,15.6,33.1,23.9
1367,2017,2,28,17.3,33.6,23.6
1368,2017,3,1,16.6,30.5,23.7
1369,2017,3,2,17.7,23.3,22.0
1370,2017,3,3,18.1,28.6,18.1
1371,2017,3,4,16.1,27.4,23.0
1372,2017,3,5,17.6,25.4,16.8
1373,2017,3,6,17.7,27.4,22.3
1374,2017,3,7,15.0,28.2,22.4
1375,2017,3,8,14.2,31.5,22.1
1376,2017,3,9,15.0,32.3,21.1
1377,2017,3,10,18.5,23.8,19.4
1378,2017,3,11,18.0,26.4,13.9
1379,2017,3,12,17.9,27.1,19.6
1380,2017,3,13,15.7,24.3,20.7
1381,2017,3,14,18.8,32.7,20.8
1382,2017,3,15,20.8,33.2,18.9
1383,2017,3,16,21.7,23.0,4.8
1384,2017,3,17,15.8,22.1,20.1
1385,2017,3,18,12.4,30.8,19.9
1386,2017,3,19,14.5,33.5,19.7
1387,2017,3,20,19.3,28.0,11.3
1388,2017,3,21,19.9,26.1,6.1
1389,2017,3,22,17.8,21.8,7.3
1390,2017,3,23,16.2,25.1,17.2
1391,2017,3,24,13.9,24.7,16.1
1392,2017,3,25,15.3,29.7,13.5
1393,2017,3,26,19.3,26.7,14.6
1394,2017,3,27,19.3,31.9,7.6
1395,2017,3,28,11.9,24.3,17.8
1396,2017,3,29,13.9,27.2,14.7
1397,2017,3,30,10.2,17.9,13.0
1398,2017,3,31,10.1,17.9,12.3
1399,2017,4,1,10.0,19.0,13.5
1400,2017,4,2,11.7,18.2,10.1
1401,2017,4,3,8.2,21.5,16.8
1402,2017,4,4,10.0,24.4,16.4
1403,2017,4,5,11.0,25.4,15.8
1404,2017,4,6,12.0,26.6,13.5
1405,2017,4,7,12.7,26.2,15.6
1406,2017,4,8,18.6,28.1,13.8
1407,2017,4,9,11.7,15.2,6.5
1408,2017,4,10,9.0,17.0,3.0
1409,2017,4,11,12.3,18.5,13.5
1410,2017,4,12,10.8,19.3,14.0
1411,2017,4,13,10.9,22.2,13.9
1412,2017,4,14,13.0,17.9,8.9
1413,2017,4,15,11.8,17.3,9.7
1414,2017,4,16,9.9,22.6,10.1
1415,2017,4,17,11.1,18.3,10.9
1416,2017,4,18,9.5,20.4,13.7
1417,2017,4,19,13.0,26.9,12.7
1418,2017,4,20,14.6,26.5,12.4
1419,2017,4,21,16.5,20.9,3.6
1420,2017,4,22,16.9,22.5,11.8
1421,2017,4,23,14.4,21.8,11.9
1422,2017,4,24,15.9,24.7,9.9
1423,2017,4,25,16.2,17.7,5.8
1424,2017,4,26,10.1,14.5,6.4
1425,2017,4,27,8.3,15.6,7.1
1426,2017,4,28,9.4,19.8,6.0
1427,2017,4,29,14.9,18.1,7.9
1428,2017,4,30,13.6,17.8,7.3
1429,2017,5,1,13.6,20.4,8.7
1430,2017,5,2,10.4,15.2,9.4
1431,2017,5,3,7.4,15.3,10.8
1432,2017,5,4,5.8,16.9,12.0
1433,2017,5,5,6.2,20.5,10.6
1434,2017,5,6,9.6,20.0,6.1
1435,2017,5,7,8.9,14.8,9.4
1436,2017,5,8,10.1,15.8,7.2
1437,2017,5,9,10.9,15.9,7.3
1438,2017,5,10,8.1,17.7,11.3
1439,2017,5,11,6.1,16.5,8.6
1440,2017,5,12,5.9,19.5,9.9
1441,2017,5,13,8.4,15.6,10.1
1442,2017,5,14,6.4,15.1,7.7
1443,2017,5,15,6.3,16.9,8.2
1444,2017,5,16,5.6,18.2,9.0
1445,2017,5,17,7.6,17.0,3.8
1446,2017,5,18,10.7,20.2,9.8
1447,2017,5,19,10.2,17.8,2.5
1448,2017,5,20,10.2,19.3,9.8
1449,2017,5,21,10.8,18.7,6.8
1450,2017,5,22,10.4,20.3,10.1
1451,2017,5,23,12.8,19.3,7.4
1452,2017,5,24,11.7,17.1,8.0
1453,2017,5,25,13.7,18.5,5.7
1454,2017,5,26,13.1,18.0,8.2
1455,2017,5,27,11.9,17.8,8.3
1456,2017,5,28,10.2,15.3,7.6
1457,2017,5,29,7.7,14.8,8.0
1458,2017,5,30,9.3,13.1,6.9
1459,2017,5,31,6.7,13.0,8.5
1460,2017,6,1,7.9,13.9,4.7
1461,2017,6,2,8.0,14.7,7.3
1462,2017,6,3,9.9,14.3,8.3
1463,2017,6,4,4.4,15.8,9.3
1464,2017,6,5,5.6,17.5,5.0
1465,2017,6,6,8.7,13.9,6.3
1466,2017,6,7,5.9,14.3,9.2
1467,2017,6,8,3.6,15.0,7.2
1468,2017,6,9,6.6,15.0,7.8
1469,2017,6,10,7.0,15.8,8.9
1470,2017,6,11,3.4,15.5,8.6
1471,2017,6,12,6.0,15.9,5.1
1472,2017,6,13,8.8,15.1,6.6
1473,2017,6,14,4.0,17.4,8.9
1474,2017,6,15,7.7,19.0,7.4
1475,2017,6,16,6.6,17.1,8.9
1476,2017,6,17,4.2,15.5,9.2
1477,2017,6,18,5.4,16.3,7.9
1478,2017,6,19,7.1,16.1,6.0
1479,2017,6,20,6.4,15.8,9.2
1480,2017,6,21,7.8,13.5,5.0
1481,2017,6,22,6.7,14.1,6.7
1482,2017,6,23,7.4,14.9,8.2
1483,2017,6,24,8.3,12.3,7.3
1484,2017,6,25,8.6,14.3,5.3
1485,2017,6,26,8.8,12.6,7.8
1486,2017,6,27,6.0,12.1,4.4
1487,2017,6,28,6.8,14.1,5.4
1488,2017,6,29,9.2,13.7,5.0
1489,2017,6,30,7.1,12.3,8.4
1490,2017,7,1,1.1,12.7,9.3
1491,2017,7,2,0.8,14.3,9.2
1492,2017,7,3,3.8,13.9,3.9
1493,2017,7,4,9.0,16.2,6.4
1494,2017,7,5,10.1,15.8,6.5
1495,2017,7,6,4.8,15.0,8.7
1496,2017,7,7,8.0,14.2,9.4
1497,2017,7,8,5.3,13.5,5.1
1498,2017,7,9,7.3,14.6,7.3
1499,2017,7,10,7.0,16.0,5.7
1500,2017,7,11,6.9,14.3,9.7
1501,2017,7,12,3.2,15.1,9.8
1502,2017,7,13,4.8,13.3,5.5
1503,2017,7,14,9.9,15.9,8.6
1504,2017,7,15,4.5,12.0,9.4
1505,2017,7,16,3.0,12.5,7.8
1506,2017,7,17,5.7,15.3,6.3
1507,2017,7,18,9.7,14.5,5.8
1508,2017,7,19,8.9,13.2,7.7
1509,2017,7,20,7.9,10.7,5.9
1510,2017,7,21,3.3,13.8,10.3
1511,2017,7,22,5.4,12.4,7.0
1512,2017,7,23,8.4,14.1,5.4
1513,2017,7,24,8.1,16.1,8.3
1514,2017,7,25,9.8,17.2,9.0
1515,2017,7,26,10.9,15.0,8.7
1516,2017,7,27,4.4,14.2,8.7
1517,2017,7,28,6.2,14.3,9.8
1518,2017,7,29,9.7,17.9,10.1
1519,2017,7,30,11.3,18.1,8.3
1520,2017,7,31,6.7,14.8,11.5
1521,2017,8,1,3.5,15.5,11.5
1522,2017,8,2,3.4,12.9,7.5
1523,2017,8,3,3.1,9.0,4.4
1524,2017,8,4,4.3,12.1,7.2
1525,2017,8,5,8.8,14.2,11.7
1526,2017,8,6,9.0,13.0,8.2
1527,2017,8,7,7.7,12.3,7.3
1528,2017,8,8,7.9,15.0,7.5
1529,2017,8,9,8.9,16.8,11.5
1530,2017,8,10,11.4,18.8,8.4
1531,2017,8,11,10.3,16.4,9.3
1532,2017,8,12,10.3,17.9,9.9
1533,2017,8,13,9.4,18.7,11.1
1534,2017,8,14,12.3,20.1,12.6
1535,2017,8,15,10.4,17.5,3.2
1536,2017,8,16,12.1,18.1,10.9
1537,2017,8,17,9.3,15.6,9.1
1538,2017,8,18,8.0,12.2,9.4
1539,2017,8,19,5.9,11.8,11.6
1540,2017,8,20,5.1,13.3,13.9
1541,2017,8,21,6.8,12.7,7.9
1542,2017,8,22,5.7,16.8,11.1
1543,2017,8,23,8.3,18.1,9.7
1544,2017,8,24,5.2,13.3,13.0
1545,2017,8,25,4.9,15.0,13.3
1546,2017,8,26,9.9,15.3,8.5
1547,2017,8,27,5.8,10.7,11.8
1548,2017,8,28,5.8,11.8,14.6
1549,2017,8,29,5.4,12.9,9.1
1550,2017,8,30,7.7,13.8,12.3
1551,2017,8,31,4.0,16.7,15.9
1552,2017,9,1,3.7,17.0,14.4
1553,2017,9,2,7.3,18.4,6.3
1554,2017,9,3,13.4,17.2,6.3
1555,2017,9,4,8.8,13.7,13.4
1556,2017,9,5,6.5,13.3,11.0
1557,2017,9,6,6.7,15.1,11.0
1558,2017,9,7,7.9,15.2,9.5
1559,2017,9,8,8.0,13.5,13.1
1560,2017,9,9,7.1,14.9,15.9
1561,2017,9,10,5.3,16.1,12.3
1562,2017,9,11,8.1,18.1,7.0
1563,2017,9,12,12.2,19.9,3.5
1564,2017,9,13,13.3,16.4,8.2
1565,2017,9,14,5.8,15.3,10.8
1566,2017,9,15,9.6,16.7,7.0
1567,2017,9,16,7.4,13.3,16.7
1568,2017,9,17,4.0,18.1,19.0
1569,2017,9,18,10.5,22.0,15.7
1570,2017,9,19,9.0,13.9,16.6
1571,2017,9,20,6.0,19.2,17.3
1572,2017,9,21,11.6,23.6,13.0
1573,2017,9,22,12.8,25.6,15.6
1574,2017,9,23,14.8,30.6,17.3
1575,2017,9,24,12.9,19.9,12.0
1576,2017,9,25,10.3,14.2,10.9
1577,2017,9,26,5.0,15.1,20.4
1578,2017,9,27,9.6,24.6,11.7
1579,2017,9,28,10.4,18.5,12.8
1580,2017,9,29,10.6,18.4,14.5
1581,2017,9,30,11.0,15.4,16.1
1582,2017,10,1,9.7,17.2,9.2
1583,2017,10,2,9.5,16.4,16.4
1584,2017,10,3,6.8,22.3,21.8
1585,2017,10,4,8.5,20.8,21.6
1586,2017,10,5,11.7,19.4,10.4
1587,2017,10,6,10.1,15.0,16.8
1588,2017,10,7,7.2,23.7,17.3
1589,2017,10,8,11.1,25.3,19.5
1590,2017,10,9,14.0,18.7,16.7
1591,2017,10,10,8.0,18.8,23.6
1592,2017,10,11,9.8,25.6,7.5
1593,2017,10,12,10.5,19.2,15.6
1594,2017,10,13,13.1,16.7,12.5
1595,2017,10,14,8.2,16.1,23.6
1596,2017,10,15,6.8,17.6,24.5
1597,2017,10,16,11.3,28.6,23.8
1598,2017,10,17,12.8,30.2,24.9
1599,2017,10,18,14.5,30.9,25.1
1600,2017,10,19,21.7,25.6,9.8
1601,2017,10,20,11.3,16.2,24.0
1602,2017,10,21,11.0,15.4,12.8
1603,2017,10,22,11.1,16.0,13.0
1604,2017,10,23,11.9,19.0,21.8
1605,2017,10,24,12.1,20.5,18.7
1606,2017,10,25,13.3,18.5,12.5
1607,2017,10,26,12.9,16.8,12.2
1608,2017,10,27,10.3,27.4,26.1
1609,2017,10,28,15.0,21.4,16.8
1610,2017,10,29,11.5,28.6,27.1
1611,2017,10,30,8.8,17.0,17.0
1612,2017,10,31,8.1,16.4,24.8
1613,2017,11,1,11.9,18.0,14.2
1614,2017,11,2,11.3,17.4,17.0
1615,2017,11,3,9.4,16.6,20.5
1616,2017,11,4,8.3,15.8,24.6
1617,2017,11,5,6.4,17.6,24.1
1618,2017,11,6,10.9,16.1,18.9
1619,2017,11,7,10.0,15.8,18.8
1620,2017,11,8,12.1,16.9,25.4
1621,2017,11,9,8.7,21.8,28.8
1622,2017,11,10,12.1,27.2,23.7
1623,2017,11,11,14.8,24.7,28.8
1624,2017,11,12,13.2,23.3,25.0
1625,2017,11,13,13.7,33.0,29.5
1626,2017,11,14,18.2,33.9,29.5
1627,2017,11,15,21.5,31.4,16.9
1628,2017,11,16,18.1,21.3,4.8
1629,2017,11,17,16.4,26.8,22.9
1630,2017,11,18,16.1,28.1,20.1
1631,2017,11,19,15.1,29.3,27.5
1632,2017,11,20,16.6,30.8,28.6
1633,2017,11,21,17.8,32.9,29.5
1634,2017,11,22,18.7,32.6,30.6
1635,2017,11,23,16.2,31.9,18.9
1636,2017,11,24,18.6,30.7,13.8
1637,2017,11,25,19.3,32.5,17.0
1638,2017,11,27,16.5,21.2,20.5
1639,2017,11,28,13.7,31.0,31.1
1640,2017,11,29,18.5,35.8,28.3
1641,2017,11,30,22.5,34.9,23.1
1642,2017,12,1,21.5,23.5,1.6
1643,2017,12,2,14.7,16.4,0.7
1644,2017,12,3,11.5,17.1,14.4
1645,2017,12,4,12.4,17.5,7.9
1646,2017,12,5,10.8,22.8,22.9
1647,2017,12,6,13.6,21.3,23.6
1648,2017,12,7,11.6,21.9,19.8
1649,2017,12,8,11.4,18.7,28.5
1650,2017,12,9,12.7,23.0,19.2
1651,2017,12,10,14.5,22.2,31.4
1652,2017,12,11,16.4,20.7,26.3
1653,2017,12,12,15.8,26.4,31.3
1654,2017,12,13,15.8,37.6,32.0
1655,2017,12,14,20.5,23.1,21.7
1656,2017,12,15,14.1,26.4,32.1
1657,2017,12,16,13.8,24.6,31.0
1658,2017,12,17,15.7,24.5,30.5
1659,2017,12,18,17.1,33.0,22.1
1660,2017,12,19,19.7,37.4,12.1
1661,2017,12,20,15.8,24.5,19.0
1662,2017,12,21,12.3,23.7,31.9
1663,2017,12,22,13.6,27.7,26.6
1664,2017,12,23,14.7,30.2,21.2
1665,2017,12,24,15.8,19.4,25.7
1666,2017,12,25,15.1,21.4,29.0
1667,2017,12,26,12.5,30.5,31.9
1668,2017,12,27,17.3,34.5,30.6
1669,2017,12,28,24.0,32.8,13.5
1670,2017,12,29,18.6,24.4,9.3
1671,2017,12,30,15.6,21.3,13.6
1672,2017,12,31,12.0,25.7,31.7
1673,2018,1,1,16.6,25.3,31.4
1674,2018,1,2,16.4,21.8,29.7
1675,2018,1,3,14.6,21.0,27.2
1676,2018,1,4,14.1,23.6,31.8
1677,2018,1,5,14.7,30.7,31.7
1678,2018,1,6,18.8,41.7,31.5
1679,2018,1,7,18.7,21.8,11.0
1680,2018,1,8,17.3,21.9,17.5
1681,2018,1,9,15.7,22.5,30.0
1682,2018,1,10,13.6,25.6,23.5
1683,2018,1,11,15.5,34.5,28.6
1684,2018,1,12,20.4,30.0,1.7
1685,2018,1,13,16.0,20.9,10.7
1686,2018,1,14,12.7,19.5,27.5
1687,2018,1,15,14.6,20.9,21.1
1688,2018,1,16,12.9,26.9,31.1
1689,2018,1,17,12.4,30.3,30.9
1690,2018,1,18,16.6,40.0,30.8
1691,2018,1,19,22.5,40.3,30.6
1692,2018,1,20,20.3,24.6,20.2
1693,2018,1,21,21.0,28.2,14.9
1694,2018,1,22,20.5,23.9,27.3
1695,2018,1,23,18.0,23.6,28.3
1696,2018,1,24,14.8,23.3,27.5
1697,2018,1,25,17.1,26.6,28.1
1698,2018,1,26,19.4,28.4,19.9
1699,2018,1,27,21.2,33.2,27.5
1700,2018,1,28,22.7,38.1,28.5
1701,2018,1,29,27.8,33.5,7.3
1702,2018,1,30,15.6,21.0,14.1
1703,2018,1,31,14.6,19.1,19.6
1704,2018,2,1,12.1,22.5,28.9
1705,2018,2,2,13.4,22.1,28.4
1706,2018,2,3,15.8,28.1,26.7
1707,2018,2,4,14.7,25.7,28.5
1708,2018,2,5,17.0,25.7,24.0
1709,2018,2,6,17.7,29.9,27.6
1710,2018,2,7,18.7,37.4,27.1
1711,2018,2,8,20.6,27.5,15.8
1712,2018,2,9,20.4,24.9,17.2
1713,2018,2,10,18.7,30.3,6.6
1714,2018,2,11,15.5,21.2,18.5
1715,2018,2,12,16.3,23.6,22.2
1716,2018,2,13,13.6,29.0,26.0
1717,2018,2,14,17.5,23.3,22.8
1718,2018,2,15,13.5,24.2,18.4
1719,2018,2,16,15.7,22.2,24.8
1720,2018,2,17,12.4,25.3,24.1
1721,2018,2,18,13.6,24.0,20.5
1722,2018,2,19,17.6,25.4,20.9
1723,2018,2,20,14.1,29.5,25.5
1724,2018,2,21,16.0,29.3,16.0
1725,2018,2,22,20.3,31.0,16.8
1726,2018,2,23,21.2,33.5,13.4
1727,2018,2,24,22.7,31.6,4.8
1728,2018,2,25,16.2,19.8,10.0
1729,2018,2,26,14.3,26.5,24.3
1730,2018,2,27,14.9,31.3,24.0
1731,2018,2,28,20.0,30.9,19.6
1732,2018,3,1,16.2,20.5,17.7
1733,2018,3,2,14.5,22.8,19.6
1734,2018,3,3,13.9,32.7,21.8
1735,2018,3,4,15.8,21.0,22.2
1736,2018,3,5,14.9,21.1,16.6
1737,2018,3,6,12.5,27.6,22.6
1738,2018,3,7,14.4,28.5,22.4
1739,2018,3,8,14.9,30.5,22.1
1740,2018,3,9,14.6,28.8,21.9
1741,2018,3,10,14.3,35.1,21.6
1742,2018,3,11,17.0,22.8,14.3
1743,2018,3,12,16.7,20.9,10.2
1744,2018,3,13,14.6,20.5,18.8
1745,2018,3,14,12.8,21.3,17.7
1746,2018,3,15,15.3,20.8,13.9
1747,2018,3,16,12.5,24.4,15.0
1748,2018,3,17,15.4,32.0,15.1
1749,2018,3,18,22.6,23.1,13.4
1750,2018,3,19,13.2,28.0,17.8
1751,2018,3,20,15.4,19.2,9.5
1752,2018,3,21,11.2,25.1,18.3
1753,2018,3,22,12.3,28.1,19.0
1754,2018,3,23,15.2,29.4,18.8
1755,2018,3,24,20.2,24.2,5.4
1756,2018,3,25,17.8,25.4,11.6
1757,2018,3,26,10.7,18.5,11.9
1758,2018,3,27,9.6,22.6,14.0
1759,2018,3,28,11.3,30.3,17.8
1760,2018,3,29,16.5,21.8,14.2
1761,2018,3,30,12.2,23.3,14.3
1762,2018,3,31,13.2,22.4,16.7
1763,2018,4,1,13.0,27.7,11.0
1764,2018,4,2,14.9,20.9,14.4
1765,2018,4,3,13.4,19.8,13.9
1766,2018,4,4,13.3,20.6,16.6
1767,2018,4,5,13.3,18.7,9.0
1768,2018,4,6,13.8,21.2,14.8
1769,2018,4,7,9.8,21.6,16.0
1770,2018,4,8,11.8,29.9,14.7
1771,2018,4,9,15.9,25.7,13.6
1772,2018,4,10,14.8,28.8,5.9
1773,2018,4,11,18.1,27.3,10.9
1774,2018,4,12,15.9,26.5,7.4
1775,2018,4,13,11.9,25.9,14.4
1776,2018,4,14,13.5,16.1,3.1
1777,2018,4,15,9.7,19.1,4.9
1778,2018,4,16,13.1,21.0,7.1
1779,2018,4,17,13.2,16.6,8.9
1780,2018,4,18,6.2,19.4,14.2
1781,2018,4,19,11.0,22.3,13.0
1782,2018,4,20,8.9,20.2,13.7
1783,2018,4,21,11.9,22.8,11.3
1784,2018,4,22,11.2,20.4,12.6
1785,2018,4,23,11.9,26.9,13.0
1786,2018,4,24,13.7,24.6,5.2
1787,2018,4,25,15.7,20.1,7.7
1788,2018,4,26,11.9,17.5,7.9
1789,2018,4,27,11.6,17.8,8.8
1790,2018,4,28,7.7,18.3,11.7
1791,2018,4,29,10.5,18.0,9.6
1792,2018,4,30,8.8,19.6,12.3
1793,2018,5,1,7.2,23.4,12.3
1794,2018,5,2,10.2,23.2,7.2
1795,2018,5,3,14.5,24.4,4.4
1796,2018,5,4,11.5,17.2,7.8
1797,2018,5,5,12.1,21.6,6.5
1798,2018,5,6,9.9,21.7,11.0
1799,2018,5,7,12.0,19.5,6.2
1800,2018,5,8,13.4,17.9,10.6
1801,2018,5,9,8.0,18.4,7.5
1802,2018,5,10,9.0,12.8,8.5
1803,2018,5,11,7.4,15.1,3.7
1804,2018,5,12,11.0,16.9,9.0
1805,2018,5,13,13.0,16.2,10.8
1806,2018,5,14,6.8,15.9,8.2
1807,2018,5,15,8.9,14.6,4.6
1808,2018,5,16,9.4,14.3,7.6
1809,2018,5,17,11.7,15.0,6.9
1810,2018,5,18,12.3,17.7,8.0
1811,2018,5,19,10.6,15.5,6.5
1812,2018,5,20,11.8,16.2,1.7
1813,2018,5,21,12.6,16.7,5.0
1814,2018,5,22,13.0,17.0,3.6
1815,2018,5,23,11.8,15.3,6.5
1816,2018,5,24,12.9,16.1,5.1
1817,2018,5,25,9.4,14.9,9.5
1818,2018,5,26,5.2,20.5,9.9
1819,2018,5,27,7.3,20.7,8.0
1820,2018,5,28,12.9,20.5,6.0
1821,2018,5,29,13.7,17.9,8.1
1822,2018,5,30,7.7,15.1,7.9
1823,2018,5,31,9.6,14.8,7.6
1824,2018,6,1,4.1,13.3,9.6
1825,2018,6,2,3.5,13.6,9.6
1826,2018,6,3,4.3,13.8,8.5
1827,2018,6,4,4.5,14.4,9.3
1828,2018,6,5,7.5,15.0,8.8
1829,2018,6,6,5.6,19.1,9.4
1830,2018,6,7,7.7,17.8,5.7
1831,2018,6,8,12.4,13.6,3.3
1832,2018,6,9,11.3,15.6,8.0
1833,2018,6,10,4.1,15.3,9.3
1834,2018,6,11,5.3,17.6,8.9
1835,2018,6,12,7.9,16.6,6.7
1836,2018,6,13,9.5,14.1,7.1
1837,2018,6,14,8.6,14.5,7.8
1838,2018,6,15,9.6,14.0,4.4
1839,2018,6,16,6.9,13.1,7.1
1840,2018,6,17,8.0,13.1,5.1
1841,2018,6,18,9.5,12.0,5.9
1842,2018,6,19,3.0,14.5,9.0
1843,2018,6,20,4.3,15.3,8.0
1844,2018,6,21,4.0,15.1,9.1
1845,2018,6,22,4.3,15.0,8.5
1846,2018,6,23,6.0,12.8,3.9
1847,2018,6,24,9.0,13.1,5.7
1848,2018,6,25,8.4,12.6,7.8
1849,2018,6,26,8.4,14.1,6.6
1850,2018,6,27,4.8,11.2,6.0
1851,2018,6,28,5.3,10.6,5.2
1852,2018,6,29,6.1,12.5,6.1
1853,2018,6,30,9.4,14.2,4.9
1854,2018,7,1,3.5,14.7,8.8
1855,2018,7,2,2.4,14.6,9.4
1856,2018,7,3,4.1,14.3,6.7
1857,2018,7,4,10.4,17.1,6.0
1858,2018,7,5,12.7,18.7,2.8
1859,2018,7,6,12.5,15.2,8.3
1860,2018,7,7,9.6,12.9,6.5
1861,2018,7,8,9.3,13.9,6.2
1862,2018,7,9,10.1,13.8,8.1
1863,2018,7,10,9.3,11.5,5.4
1864,2018,7,11,6.6,11.6,6.0
1865,2018,7,12,4.3,11.3,7.5
1866,2018,7,13,5.8,13.9,9.3
1867,2018,7,14,4.4,15.5,10.0
1868,2018,7,15,6.0,13.8,9.8
1869,2018,7,16,7.9,12.6,4.5
1870,2018,7,17,9.1,17.5,9.2
1871,2018,7,18,6.2,15.2,10.3
1872,2018,7,19,8.7,17.6,8.5
1873,2018,7,20,7.2,12.1,7.2
1874,2018,7,21,6.7,14.0,7.2
1875,2018,7,22,8.0,14.8,10.5
1876,2018,7,23,8.4,15.4,6.9
1877,2018,7,24,8.6,15.6,7.1
1878,2018,7,25,8.3,15.7,9.3
1879,2018,7,26,7.7,15.1,8.9
1880,2018,7,27,9.2,19.5,10.3
1881,2018,7,28,8.4,18.6,9.3
1882,2018,7,29,10.8,14.6,10.0
1883,2018,7,30,8.2,12.6,7.3
1884,2018,7,31,8.3,16.2,10.2
1885,2018,8,1,9.9,14.8,11.4
1886,2018,8,2,4.9,16.1,11.7
1887,2018,8,3,7.8,18.4,6.3
1888,2018,8,4,8.0,15.3,8.7
1889,2018,8,5,10.6,17.6,11.2
1890,2018,8,6,9.4,13.8,8.5
1891,2018,8,7,7.3,14.8,9.6
1892,2018,8,8,9.6,16.0,7.2
1893,2018,8,9,5.6,15.4,8.6
1894,2018,8,10,9.4,20.0,11.8
1895,2018,8,11,8.1,14.7,7.4
1896,2018,8,12,5.4,14.8,10.4
1897,2018,8,13,7.9,14.9,8.6
1898,2018,8,14,9.4,16.7,13.2
1899,2018,8,15,11.5,18.4,10.1
1900,2018,8,16,8.7,14.7,9.2
1901,2018,8,17,7.7,15.9,12.2
1902,2018,8,18,8.9,13.8,10.4
1903,2018,8,19,6.7,11.9,9.3
1904,2018,8,20,5.5,12.4,6.5
1905,2018,8,21,8.6,12.4,7.7
1906,2018,8,22,8.7,14.0,8.5
1907,2018,8,23,5.6,16.0,11.1
1908,2018,8,24,4.8,15.4,14.7
1909,2018,8,25,3.9,15.2,14.9
1910,2018,8,26,4.9,14.7,12.3
1911,2018,8,27,6.8,12.9,12.4
1912,2018,8,28,1.9,11.2,11.7
1913,2018,8,29,0.8,12.5,15.5
1914,2018,8,30,4.8,16.7,5.1
1915,2018,8,31,8.9,16.0,6.8
1916,2018,9,1,10.5,13.4,7.4
1917,2018,9,2,5.0,12.3,11.2
1918,2018,9,3,5.0,13.1,14.7
1919,2018,9,4,3.4,19.5,14.7
1920,2018,9,5,8.1,20.2,14.5
1921,2018,9,6,13.8,20.6,9.5
